{"frames": [

{
	"filename": "i0.png",
	"frame": {"x":140,"y":311,"w":101,"h":101},
	"rotated": false,
	"trimmed": false,
	"spriteSourceSize": {"x":0,"y":0,"w":101,"h":101},
	"sourceSize": {"w":101,"h":101}
},
{
	"filename": "i1.png",
	"frame": {"x":124,"y":208,"w":101,"h":101},
	"rotated": false,
	"trimmed": false,
	"spriteSourceSize": {"x":0,"y":0,"w":101,"h":101},
	"sourceSize": {"w":101,"h":101}
},
{
	"filename": "i2.png",
	"frame": {"x":124,"y":105,"w":101,"h":101},
	"rotated": false,
	"trimmed": false,
	"spriteSourceSize": {"x":0,"y":0,"w":101,"h":101},
	"sourceSize": {"w":101,"h":101}
},
{
	"filename": "i3.png",
	"frame": {"x":124,"y":2,"w":101,"h":101},
	"rotated": false,
	"trimmed": false,
	"spriteSourceSize": {"x":0,"y":0,"w":101,"h":101},
	"sourceSize": {"w":101,"h":101}
},
{
	"filename": "icon.png",
	"frame": {"x":2,"y":346,"w":101,"h":136},
	"rotated": true,
	"trimmed": false,
	"spriteSourceSize": {"x":0,"y":0,"w":101,"h":136},
	"sourceSize": {"w":101,"h":136}
},
{
	"filename": "p0.png",
	"frame": {"x":2,"y":174,"w":120,"h":170},
	"rotated": false,
	"trimmed": false,
	"spriteSourceSize": {"x":0,"y":0,"w":120,"h":170},
	"sourceSize": {"w":120,"h":170}
},
{
	"filename": "p1.png",
	"frame": {"x":2,"y":2,"w":120,"h":170},
	"rotated": false,
	"trimmed": false,
	"spriteSourceSize": {"x":0,"y":0,"w":120,"h":170},
	"sourceSize": {"w":120,"h":170}
}],
"meta": {
	"app": "http://www.codeandweb.com/texturepacker ",
	"version": "1.0",
	"image": "g1005.png",
	"format": "RGBA8888",
	"size": {"w":256,"h":512},
	"scale": "1",
	"smartupdate": "$TexturePacker:SmartUpdate:62f31aeb840028e2f890cdb3cfad5b18:1/1$"
}
}
