{"frames": [

{
	"filename": "i0.png",
	"frame": {"x":380,"y":330,"w":101,"h":101},
	"rotated": false,
	"trimmed": false,
	"spriteSourceSize": {"x":0,"y":0,"w":101,"h":101},
	"sourceSize": {"w":101,"h":101}
},
{
	"filename": "i1.png",
	"frame": {"x":330,"y":227,"w":101,"h":101},
	"rotated": false,
	"trimmed": false,
	"spriteSourceSize": {"x":0,"y":0,"w":101,"h":101},
	"sourceSize": {"w":101,"h":101}
},
{
	"filename": "i10.png",
	"frame": {"x":380,"y":330,"w":101,"h":101},
	"rotated": false,
	"trimmed": false,
	"spriteSourceSize": {"x":0,"y":0,"w":101,"h":101},
	"sourceSize": {"w":101,"h":101}
},
{
	"filename": "i2.png",
	"frame": {"x":380,"y":124,"w":101,"h":101},
	"rotated": false,
	"trimmed": false,
	"spriteSourceSize": {"x":0,"y":0,"w":101,"h":101},
	"sourceSize": {"w":101,"h":101}
},
{
	"filename": "i3.png",
	"frame": {"x":277,"y":330,"w":101,"h":101},
	"rotated": false,
	"trimmed": false,
	"spriteSourceSize": {"x":0,"y":0,"w":101,"h":101},
	"sourceSize": {"w":101,"h":101}
},
{
	"filename": "i4.png",
	"frame": {"x":227,"y":227,"w":101,"h":101},
	"rotated": false,
	"trimmed": false,
	"spriteSourceSize": {"x":0,"y":0,"w":101,"h":101},
	"sourceSize": {"w":101,"h":101}
},
{
	"filename": "i5.png",
	"frame": {"x":227,"y":124,"w":101,"h":101},
	"rotated": false,
	"trimmed": false,
	"spriteSourceSize": {"x":0,"y":0,"w":101,"h":101},
	"sourceSize": {"w":101,"h":101}
},
{
	"filename": "i6.png",
	"frame": {"x":124,"y":208,"w":101,"h":101},
	"rotated": false,
	"trimmed": false,
	"spriteSourceSize": {"x":0,"y":0,"w":101,"h":101},
	"sourceSize": {"w":101,"h":101}
},
{
	"filename": "i7.png",
	"frame": {"x":124,"y":105,"w":101,"h":101},
	"rotated": false,
	"trimmed": false,
	"spriteSourceSize": {"x":0,"y":0,"w":101,"h":101},
	"sourceSize": {"w":101,"h":101}
},
{
	"filename": "i8.png",
	"frame": {"x":124,"y":105,"w":101,"h":101},
	"rotated": false,
	"trimmed": false,
	"spriteSourceSize": {"x":0,"y":0,"w":101,"h":101},
	"sourceSize": {"w":101,"h":101}
},
{
	"filename": "i9.png",
	"frame": {"x":124,"y":2,"w":101,"h":101},
	"rotated": false,
	"trimmed": false,
	"spriteSourceSize": {"x":0,"y":0,"w":101,"h":101},
	"sourceSize": {"w":101,"h":101}
},
{
	"filename": "icon.png",
	"frame": {"x":2,"y":346,"w":101,"h":136},
	"rotated": false,
	"trimmed": false,
	"spriteSourceSize": {"x":0,"y":0,"w":101,"h":136},
	"sourceSize": {"w":101,"h":136}
},
{
	"filename": "p0.png",
	"frame": {"x":277,"y":2,"w":120,"h":170},
	"rotated": true,
	"trimmed": false,
	"spriteSourceSize": {"x":0,"y":0,"w":120,"h":170},
	"sourceSize": {"w":120,"h":170}
},
{
	"filename": "p1.png",
	"frame": {"x":105,"y":346,"w":120,"h":170},
	"rotated": true,
	"trimmed": false,
	"spriteSourceSize": {"x":0,"y":0,"w":120,"h":170},
	"sourceSize": {"w":120,"h":170}
},
{
	"filename": "p2.png",
	"frame": {"x":2,"y":174,"w":120,"h":170},
	"rotated": false,
	"trimmed": false,
	"spriteSourceSize": {"x":0,"y":0,"w":120,"h":170},
	"sourceSize": {"w":120,"h":170}
},
{
	"filename": "p3.png",
	"frame": {"x":2,"y":2,"w":120,"h":170},
	"rotated": false,
	"trimmed": false,
	"spriteSourceSize": {"x":0,"y":0,"w":120,"h":170},
	"sourceSize": {"w":120,"h":170}
}],
"meta": {
	"app": "http://www.codeandweb.com/texturepacker ",
	"version": "1.0",
	"image": "g1001.png",
	"format": "RGBA8888",
	"size": {"w":512,"h":512},
	"scale": "1",
	"smartupdate": "$TexturePacker:SmartUpdate:c7e819e71d53c34f49fc4329ff17ed6f:1/1$"
}
}
